features,correlation
136,0.8610705195735912
624,0.8562190359005412
621,0.8541335121765546
73,0.8477361089152844
9,0.8214046894649771
638,0.8175363030501065
436,0.8173711736077703
198,0.8036610481973977
639,0.799097133186886
632,0.7954921144529674
631,0.7944906710405844
609,0.7871269045635518
617,0.7861502582667395
633,0.7811714991139241
611,0.7801524997081741
627,0.774886348755154
1406,0.7720059748800199
610,0.7714688750803231
1745,0.7713782331989762
898,0.7712887343592134
995,0.7630481941576235
996,0.7618670725340776
899,0.7610663015354481
1255,0.7597142264709332
1262,0.7595932941484226
1746,0.7569360018240963
877,0.7532290642070334
1787,0.7515171053616323
653,0.7512519518804122
892,0.7486076443028906
1928,0.7477360280513294
1627,0.7470471064184575
641,0.7464055062158838
618,0.7457279560471194
974,0.7451516446347981
1628,0.7447008224400747
619,0.7433146424573657
1948,0.7427864515722316
989,0.7425989612109398
640,0.7415579471935527
1739,0.7412931625585216
1277,0.741238999619618
1772,0.7375476700052807
29,0.7374310095769002
1642,0.7353346105491074
1263,0.7341059356047606
630,0.7331359526597344
1251,0.733105380785754
1760,0.7310742091659402
1303,0.728834884558256
913,0.7284889912285835
1543,0.7273291317965012
185,0.7255302418269568
122,0.7251163961028326
1435,0.7245173085380509
1773,0.7243444892389559
1256,0.7243034705828941
1010,0.722922610928822
1528,0.7217420365230969
642,0.7210056829275797
1318,0.7176829902139408
1358,0.7168995727063655
2002,0.7166933187339886
598,0.7161034117651416
1304,0.7145163180044999
1397,0.7142433202473241
1985,0.7136305064464928
485,0.7128651343083432
58,0.7124785034693139
884,0.7123063004596132
887,0.7118721294595388
1420,0.7116460795840127
1967,0.711185298255212
247,0.7111318111660201
1620,0.7109039272964532
962,0.7106542301651153
1813,0.7096388274673506
141,0.7068973972981076
1343,0.7062859766995547
1732,0.7056453696582998
170,0.7052450068567014
881,0.7044306629534386
1242,0.7033925922880558
1103,0.7028042500159543
107,0.7027414410524216
1057,0.7026878144037614
707,0.7023664746633914
78,0.7018066007416157
984,0.6994715124466688
1703,0.6977982555376107
1529,0.6966820013820016
988,0.6965745202734279
1235,0.6946765774550782
612,0.6946448664245671
620,0.6946441367984026
1521,0.6944410887309329
2124,0.6941091634207824
871,0.6924660437082939
1248,0.6904486484124805
1915,0.6895626922217656
1916,0.6876751452807811
1382,0.687117323586738
232,0.6855367166548442
1907,0.684372000916515
1413,0.6841478890341929
1264,0.6838000888253737
891,0.6836667812170226
1421,0.6831108979459427
163,0.6823439772960039
1798,0.6821343204317992
43,0.6810326763026957
470,0.6806380848465026
1344,0.68062833780295
100,0.6805729287840504
1265,0.6787933977870233
1917,0.6773598346737499
1261,0.676248900161233
1914,0.674725656914657
2033,0.6745097122138866
171,0.6739237412088797
1243,0.6737254080560524
1893,0.6721163249415079
1042,0.6718885186323121
108,0.6714692415549444
947,0.6686850655037643
1862,0.668649705470532
583,0.6673478782940795
1383,0.6664054101306335
542,0.6663020873917187
233,0.666202838893489
156,0.66610834575549
149,0.6647270542713782
1838,0.6643820649609397
1847,0.6632171890273189
1892,0.662893055860159
900,0.662765181605914
637,0.6625671883808238
86,0.6619084841616496
1848,0.661810264901144
901,0.6615278984167547
981,0.6605909247737466
879,0.6599229979353376
1799,0.6593418698851101
1937,0.6582678651588634
44,0.656128517816223
1244,0.6559701595306076
471,0.6558491964489733
1257,0.6557823375468668
1088,0.6551493559456184
1245,0.6545224822678701
1043,0.6543253002272261
1292,0.6542801264863295
1936,0.6540020594086138
1266,0.6526128098176595
1935,0.6524125207473466
80,0.6521282564666266
1332,0.6518962514150071
978,0.6513016651651587
2117,0.6504025878109655
1630,0.6477502515773785
22,0.6475629761764183
449,0.6468600471182802
143,0.6467028380343098
584,0.6466973750086742
211,0.6451691543890696
456,0.6451413233139017
14,0.6451225348149244
1629,0.6449165218779648
1259,0.6443353885582722
897,0.643146132846936
613,0.6430595460973954
441,0.6430589975134687
1021,0.6426622575698457
1089,0.6425903254731834
549,0.6413042252013985
1748,0.6406922072293234
1409,0.6394333557326995
948,0.6388449003028335
893,0.6385987593484962
1747,0.6382388921809651
427,0.6381265153481112
96,0.6381123008416065
997,0.6376135331511324
1744,0.6373767477061298
1771,0.6367875658800644
1824,0.6365878617650951
203,0.6360881004650255
1823,0.6359951334880473
926,0.6353639153845346
902,0.6352564883805211
635,0.634979810902206
1077,0.6348435481659187
1621,0.6347125815152012
878,0.6343263026266854
1517,0.634130009312413
1919,0.6340491062955472
1297,0.6335501054538197
159,0.6331865934152457
975,0.6320849213973238
1626,0.6316307183632062
692,0.6316291727878316
1336,0.6311295491829179
1939,0.6286178187605271
998,0.6286056869095599
1631,0.6261796948707989
1624,0.6260470954183645
1220,0.6250483185420836
895,0.6249232413489424
629,0.6229691653453657
36,0.6207337881962404
463,0.6195434370426304
992,0.61866971734342
562,0.6184197419607562
870,0.6181623441102656
994,0.6180928646210818
880,0.617552307554503
1688,0.6170511655108798
976,0.6155067408424758
26,0.615408338950543
1296,0.6146188644696149
1749,0.614543504206834
1221,0.6141237433310527
225,0.6133436286508928
1031,0.6119047552016594
1742,0.6117325323619143
1371,0.6112905433351423
1740,0.6107313128309527
1268,0.6095529522649782
894,0.6094062078308223
1689,0.6086314855405085
1622,0.608462071309763
605,0.6079829657983401
93,0.6077641284642553
1067,0.6075870123300015
634,0.6070935480469507
1769,0.6049348316522118
872,0.6038297393450194
1337,0.6035396115740864
671,0.6031379489521762
572,0.6005861856183393
1774,0.5999731611104028
1775,0.598971711925586
1082,0.598961378342846
1375,0.5987685866196013
1258,0.597786912414801
644,0.5972839579461321
1717,0.5971450630949704
693,0.5967257779411569
1414,0.5963800655457896
1623,0.5961077114364023
32,0.5958989711018309
1527,0.5958583254022667
1302,0.5956806416343052
863,0.5952880586292274
459,0.5950658316596322
1741,0.595056157159387
1087,0.5946493050399624
1419,0.594474846925799
873,0.5936323838376983
1035,0.5934603949974822
221,0.592996876562068
616,0.5929649675813778
368,0.5914464597447995
373,0.590140686320738
321,0.5899874520124787
999,0.5899238465736057
169,0.5896509357843355
1085,0.5890737918476203
106,0.5890000494231957
1718,0.5884431949022302
63,0.5877667506602273
991,0.5874751145344068
11,0.5870429875681241
1846,0.5869838756186593
490,0.5869600397024513
16,0.5866441512229383
438,0.5861805148770969
205,0.5861610182538273
1148,0.5857078804155206
443,0.5854634775913975
1381,0.5844375201605992
1929,0.5836347286332854
153,0.5833035706579117
990,0.5829853986587225
977,0.5828298369975574
1081,0.5823165263403949
1896,0.5821529788609195
936,0.5808482508930152
1949,0.580687085187181
1898,0.5802764549545933
252,0.5795813042916697
904,0.5790840831020564
889,0.5788511513339689
200,0.5785110160507798
1219,0.5782159685804275
940,0.5777294240643153
1522,0.5775553104630547
1633,0.5772728255809443
374,0.5770731298584144
322,0.5770232850363038
1776,0.576814726205413
101,0.5765528324604388
1342,0.5765146590400556
1797,0.5760149263618564
469,0.5751244485747198
42,0.5748781585695182
890,0.5748536561120571
231,0.5747796389379245
164,0.5742803530896861
920,0.5742560822745161
2018,0.5742372623677987
582,0.5734354035352662
1818,0.5726779663995291
1894,0.5719064660218947
1041,0.5712751850618027
1716,0.5712334973401516
1895,0.5711266170708277
740,0.5708763478829522
1300,0.5697457115122315
1737,0.5687956759871913
64,0.5685285173432851
1253,0.567935556554685
491,0.5678294341230965
986,0.5677523911188754
737,0.5674593549487452
1254,0.5668281094164691
1751,0.5668025990254758
1768,0.5665647084011833
547,0.5662108130243567
946,0.5661268672759061
12,0.5659920578697348
714,0.5658249734458761
817,0.5657367819430332
1853,0.5654644784097513
439,0.5651991484724204
1908,0.5651897903460699
1440,0.5650319710717856
1687,0.5648328242371852
1681,0.5644235877394734
495,0.5637363540751528
527,0.5635641443010463
728,0.5626518006682779
1738,0.5620732739176602
766,0.5615298176301768
1710,0.5608453694371193
2144,0.560653935065484
190,0.5606073850553693
127,0.5601373296519904
554,0.5600927061519082
253,0.5595760194489844
789,0.5591451114651679
1001,0.5583855422186348
1036,0.5581985433937494
138,0.5580196403683438
75,0.5572121985428993
1822,0.5569038911098093
1278,0.5565926557464176
201,0.5565256313943597
1767,0.5562448837194396
528,0.5551025199524512
1525,0.5547810355874208
1863,0.5542907454809203
969,0.5539572345518293
1819,0.5533982697256138
1379,0.5532550699737535
1209,0.5526029701250027
967,0.5519671670303279
1417,0.5517438722373594
1376,0.5513288783560555
818,0.5504739483189423
717,0.5501976399199445
104,0.5499906529698239
968,0.5494213424662524
792,0.5493001035493583
1199,0.5492818917222568
1851,0.5488920734454555
167,0.5480299898737401
654,0.5479666084403356
1548,0.5479315775841119
1441,0.5478178263258933
556,0.5476603089757998
1850,0.5466902782640629
576,0.5462029427932256
769,0.5458503545000074
987,0.5456461418169504
691,0.5449395328969145
731,0.5449122708320713
191,0.544349777833632
1094,0.5441689255898341
1340,0.5436774569867713
1849,0.5433103245328906
780,0.5427951590364001
1549,0.5425251439826321
1778,0.5421874895507646
1299,0.5420136062091171
128,0.5409424853048588
1039,0.5400067661004193
139,0.5392224219597247
548,0.5389987978001212
526,0.5383655086187928
453,0.5380195678127709
37,0.537701781209496
849,0.5370484974015148
783,0.5369622649994915
464,0.5361746465580578
1906,0.5360917358165782
1795,0.5360554699388427
580,0.5353998940630741
76,0.5352952443283202
970,0.5352002969497474
848,0.534771426539966
496,0.5343121664443706
90,0.5336590962997186
467,0.533193736219999
40,0.5322554421603863
1084,0.5316220665036989
226,0.5314937750365663
681,0.531456219740199
Foundation_PConc,0.5311935334437805
229,0.5307426257125964
1829,0.5300928811898323
876,0.5297976205257281
1714,0.5254122170926271
944,0.5246281454277019
827,0.5243596535056393
845,0.5243083016850143
1213,0.5240511800204989
432,0.5238424748905313
493,0.5234458310484379
1217,0.5215849697525182
1577,0.5207043309792747
1289,0.5205375137035786
506,0.5197264525096079
380,0.5196380790144773
847,0.5192839412502834
1685,0.5187811108926431
577,0.5180159735085468
1309,0.516772526462685
1378,0.5167052595232926
608,0.5162432444030413
1276,0.5158311461973496
663,0.5154594645423627
973,0.5153195082967339
1524,0.5138756801276151
1305,0.5128220517356973
1820,0.5124056577268538
1958,0.5122365380345815
941,0.5118179953664482
1643,0.5118159353723181
1839,0.5116763218657929
411,0.5115750951054923
413,0.5115151332157181
665,0.5104009433925063
1349,0.5099807102883483
1976,0.5096722062556127
1918,0.50962909801779
1416,0.5090458702259814
819,0.5085973997683114
837,0.5082755844254451
1993,0.5079477491663132
412,0.5078649002856019
1938,0.5077309459442761
1038,0.5073597763530389
1826,0.5072836648271672
713,0.5072605571320973
1673,0.5071198314215802
1827,0.5068682380130838
103,0.5053950436166901
1267,0.5053172102989263
1825,0.5050849247564018
1306,0.5043981850310654
661,0.5034115636372942
433,0.5030620616773697
166,0.5030563755722388
1286,0.501737658513922
1618,0.5014730447145272
579,0.5013301378210296
841,0.5006612432568588
1794,0.500536799292934
1339,0.5003876064507339
1216,0.500087433158697
1388,0.5000021429264742
1011,0.49846694924988894
1852,0.4983723706777291
919,0.49724311552345685
821,0.49695328386525106
689,0.4963965367593571
381,0.4961529019178301
466,0.4924221962182538
39,0.49199780725254205
854,0.49180450347557464
1062,0.4917399371259592
1947,0.49131720927810535
228,0.4909729409031588
87,0.4903817581139197
1068,0.4894130353854933
918,0.4885251361179044
1534,0.4873872640772204
524,0.48607254654645154
842,0.48607012533727406
1426,0.48602201018744146
719,0.4854897242049038
914,0.48541762697988367
943,0.48446006815309506
1684,0.4842098840229552
2009,0.4841098187132434
113,0.4839855786253379
150,0.4827188395185325
603,0.48237818604007776
643,0.4817508136568659
1761,0.48117223561639344
176,0.48097880342716315
768,0.48012322433078547
589,0.479322195000474
1766,0.4787753551966727
1897,0.4787582245771106
716,0.47867353072110025
1324,0.4782527042978285
1090,0.4780650342662719
1713,0.4780495115332046
1048,0.4776997576582568
2034,0.4768190781871851
1472,0.4768057686039971
1323,0.47647546079299546
1132,0.4763293102407416
1632,0.47612202821435207
1130,0.47471341019000446
551,0.4743697032386913
1226,0.47351794885523457
1063,0.4732462352248073
1927,0.47271886207293906
765,0.47208906497513314
1091,0.4719281540524755
1307,0.47162493098360575
828,0.4711678334394689
218,0.47034999138138994
1133,0.47018284921319853
725,0.469069373581749
844,0.4689927551072601
1284,0.46870707625789987
1804,0.4680124828704026
777,0.4662203348836726
1530,0.46599888874550416
903,0.463367748059099
771,0.46307162573402033
823,0.46290255986393736
238,0.4627193204967345
712,0.46266396274660093
688,0.46253599367443105
1069,0.4621198713983427
553,0.46169329165118567
476,0.46138710419318013
790,0.4612966409682928
1329,0.4610853593554327
49,0.4606231719006927
1531,0.4605896633824251
1828,0.45963007966840325
409,0.4593723466011365
604,0.45905668835376656
1214,0.459053954853317
660,0.45905114625340065
1134,0.45831439078618164
1240,0.45676052727003985
516,0.4560930475623665
391,0.4558134774868863
1285,0.45573022345352654
953,0.4555252307623951
1619,0.4543213355406955
1694,0.45355298818606626
1523,0.45344805933440496
1750,0.45035619036425345
1241,0.44976589198232314
723,0.44882454564239443
352,0.4487256575228928
1659,0.44798767344348833
1861,0.44795224841239034
1015,0.44731739986353086
1074,0.4473044671050366
552,0.4466532922605406
2127,0.44590501077553213
1422,0.44524214538928325
1108,0.4450276124719158
498,0.4441720937590739
685,0.4439053322725535
523,0.44388227247657874
1345,0.443469357622656
1070,0.4434078993309191
1788,0.4431801051944871
1092,0.4416343425463857
1723,0.4414321823633759
BsmtFinType1_GLQ,0.44136337415249693
1777,0.4402105405045313
659,0.4396417106116177
1022,0.4396185020885405
1561,0.4390673579776522
1765,0.43857396878911453
1423,0.43857370206735957
1326,0.4384864685872321
775,0.43759604052263457
1000,0.4374872190215222
77,0.4371907504767877
1641,0.43709278318857003
109,0.4368468341719056
1793,0.43646142329266646
1658,0.43642177300653234
834,0.43523324437866645
2008,0.43509439444047393
88,0.43506001713971487
1709,0.4348316889942459
718,0.43455194372046074
1112,0.4338500612403331
140,0.43364282848708324
831,0.43319397157069217
533,0.4322929077560805
1252,0.432119813718991
1559,0.4315917258020612
1122,0.4311983559724585
853,0.43117570324493915
1346,0.4308564904205767
862,0.43069752636703984
720,0.4304704050704166
1129,0.4301537104400387
378,0.4301270997902029
1104,0.42984099773697443
826,0.42979732874080817
110,0.4292245648387712
830,0.42848153825481083
2125,0.42765637425435804
408,0.4273298941588371
500,0.42719695600079843
738,0.42691732629266077
1384,0.4267717002249757
1071,0.4260349929683804
1079,0.42532284586156044
172,0.4248884731059356
151,0.4245359617995343
520,0.42449750496793903
912,0.4241640767091755
1009,0.4230297382565964
1298,0.4228044148790618
698,0.42258502562907574
1655,0.4225430980809408
418,0.4223341966012091
822,0.42212057368990485
788,0.4220535960628989
614,0.4219124227576763
801,0.4215954765847439
829,0.4213567338118927
850,0.4212307451475109
82,0.4209353656782335
2007,0.42028744530017453
1385,0.4200686213520302
843,0.41975517926128736
851,0.4196217213417443
1016,0.41916642090974654
791,0.41875326706155136
173,0.41851732554593446
1708,0.4183373679934735
607,0.4180847961517225
852,0.4180802219922649
1657,0.4173866817159377
658,0.41729693301068554
1532,0.41640633017332274
GarageType_Attchd,0.41637697946054414
864,0.4155333574647553
440,0.4150588624938604
202,0.4148098219192243
839,0.41471679783880494
13,0.4139960713983695
1973,0.4131804656690147
1294,0.41292210880375674
145,0.4124404538017679
628,0.4120600485080651
1139,0.4118816181858608
749,0.4112815772047707
1617,0.41121871677941946
1991,0.4105908968494051
736,0.4102878894547818
1044,0.40998115887061437
558,0.4099554584519518
820,0.40991623066590144
1093,0.40939130533492424
1109,0.4093703630919378
1562,0.40915139671859835
65,0.40901958340834604
1837,0.4087551080376553
652,0.40728905599498993
401,0.4069836935962672
1563,0.4057106854295243
23,0.40549412660461587
450,0.4046640963096054
1990,0.40436080031135946
1368,0.4040254190103404
606,0.4037933487398697
2032,0.4036684603240294
888,0.4029482806159833
1,0.40282008803737385
1066,0.4024711033897917
MSSubClass_MSC_60,0.40237577674737834
2133,0.40213661293764347
212,0.4011620851331974
1045,0.39992546826814296
874,0.3989973110094353
1415,0.39897910483488486
215,0.3983151680416666
1308,0.3982852057957982
799,0.3982333348888542
686,0.39736067084670157
1651,0.39717138786087397
840,0.3971030474510404
1956,0.39680089495840626
2134,0.39676175650512335
1792,0.3967130614065962
770,0.39640575098992614
800,0.3960971259710615
1347,0.39591200745808675
1325,0.3957018915036469
748,0.39490697016368154
1028,0.3946201360561284
1402,0.39355808100496986
1424,0.3925392619483601
1972,0.39121745125948837
1200,0.38992758987461823
111,0.38965835780356867
662,0.3896342686961289
761,0.3892611691853932
497,0.3892224260687991
350,0.38905430142261327
GarageType_Detchd,0.38868094025646016
1648,0.3886357597883256
1759,0.38835574330485934
MasVnrType_None,0.38809446603688125
1365,0.3880714846278577
1654,0.38801080149516765
772,0.3868008152731226
1249,0.385707087854036
1102,0.3855944469874489
739,0.3855722194893357
1652,0.3854129386707562
1225,0.38520321582195266
1386,0.3849715788557081
89,0.384479957391533
727,0.3837357832774854
1974,0.3835751237724997
1023,0.3830790791181609
625,0.3828820674620932
1664,0.38260009372206866
1551,0.38252169765561195
1363,0.3823426826400945
1126,0.38226559932188653
2019,0.38208587693479296
747,0.38144455409884276
563,0.3813879659885246
1957,0.38051581291084735
1456,0.380184095504254
1083,0.37969674776629425
174,0.37876609594195604
1017,0.3782473196465401
2142,0.378157223623117
813,0.37781669985281857
1558,0.3775823649123413
1690,0.3773873880146019
207,0.3772243174168391
1222,0.3770098986523974
382,0.3766411338208476
1568,0.3765807102862752
585,0.37620898310263606
1403,0.3757523019816278
2143,0.3747947049931192
152,0.3744035733203497
1127,0.374185877339563
985,0.3739000807733759
2126,0.37334103070501656
383,0.3730742542203699
726,0.37299864350803197
1975,0.372589337802799
1533,0.3724411161478913
1458,0.3717558003400098
1319,0.3712476943749126
764,0.3711552575269243
1025,0.3710578125009479
133,0.37102906149054665
1800,0.3699965819480396
1691,0.36972512712570227
1425,0.36872415827665495
18,0.36826142561514635
445,0.3681688534525532
1223,0.3679880900808584
927,0.36735373691948653
586,0.3672505101197066
1364,0.36688416886132463
588,0.3668513697497304
1992,0.36682910565115084
1872,0.3666123500589763
1682,0.3660961324795438
1280,0.3660546732391977
112,0.3660259755988243
385,0.3659573088701487
1387,0.365659767925536
564,0.36540667978326086
1078,0.36532027790401067
1891,0.3649356490185719
1338,0.36439870655725776
1046,0.36411894742879847
816,0.36409609196393716
1951,0.364074468938211
1457,0.36366356382843945
795,0.3635401158219695
0,0.3629891065057108
175,0.3629081973866612
234,0.3625361781998371
1453,0.36251278157667505
885,0.3625040779002984
1293,0.36225903295021417
81,0.3621378956494317
1931,0.3619094070640564
1801,0.3614856877444249
1873,0.3614402441723055
1024,0.3613065924465835
786,0.3609171716811702
1693,0.36091178437468585
573,0.3603863981731675
779,0.36034955624902404
1334,0.35948415563200053
1911,0.3594435801471966
45,0.3588349238011449
1348,0.3587072464094382
1790,0.358661059967993
922,0.35854496967823224
971,0.3584836146876083
405,0.358445787931767
472,0.35841902329312747
1454,0.35792717074847197
565,0.3572403670149075
1201,0.35707998730094587
349,0.3567222081225632
656,0.35641167228021337
1282,0.3555087609110509
824,0.3549859540439349
1047,0.35483158657284536
1359,0.3547903911435713
235,0.35422534033533226
778,0.3528142252883219
1647,0.3524593447593198
587,0.352432952103524
866,0.3519271141835108
1246,0.35188238804201155
Neighborhood_NridgHt,0.3518503232499515
1202,0.3517383877746246
835,0.35167211113098445
24,0.3515975724207408
451,0.35122312496928254
46,0.35035998173716076
473,0.34996049305514737
213,0.34924434521642145
1555,0.3489221368426044
521,0.3486208599594274
144,0.3480395766096283
933,0.34801494832657565
70,0.34794144397242316
MSZoning_RM,0.34745259679491597
1803,0.3469826735774797
351,0.3459088486212835
1955,0.3458800185009688
1224,0.34516626986828924
2017,0.3436064352538665
237,0.3433087463329842
48,0.34322471517535236
475,0.34322471517535236
1692,0.34210352930878823
1968,0.342095728451944
1865,0.3419537837589234
1841,0.34165912697595147
867,0.34153754318279655
1556,0.3409775229860394
1660,0.3408323485996133
354,0.3395096859943708
97,0.33898667880596617
353,0.33894697446926586
1986,0.33814426455591273
Foundation_CBlock,0.337909078747167
Exterior2nd_VinylSd,0.33765148957059127
1910,0.33760542266993965
1398,0.3372082051741784
1645,0.3371893709148346
916,0.3368079409099802
Exterior1st_VinylSd,0.3363509851901659
734,0.33546177015513373
160,0.33484482315353054
125,0.3348401942761872
102,0.334828132259413
952,0.33450439367375157
1438,0.3343117355090034
724,0.33425310555740967
1080,0.3342236857742575
1763,0.3341228402942733
1546,0.33401718584644563
1661,0.3336949187887944
1518,0.3335362915424544
1410,0.33320948742306994
1317,0.33289603059403433
2120,0.33248216958934923
188,0.3322713759468255
949,0.33225111440961896
1988,0.3321785905633644
2138,0.3320817523740069
1106,0.33177658322166553
SaleType_New,0.33135011213998905
1013,0.3313294203032354
1970,0.33109381848686786
2137,0.3304758536831226
601,0.3301582320710005
2005,0.3301582320709984
1722,0.3298438325112431
MSSubClass_MSC_30,0.3292075488809737
1283,0.3289786620874667
2131,0.32883009022855547
1706,0.32776477356154077
982,0.327077562172893
1711,0.3270671194947449
1372,0.32683417597032915
61,0.32653489293774257
250,0.32653489293774257
488,0.32653489293774257
1361,0.32653489293774257
1400,0.32653489293774257
1321,0.32653489293774196
1816,0.3265348929377395
965,0.326534892937735
SaleCondition_Partial,0.32653489293773497
2003,0.3264675465228384
1649,0.3262175195190547
1674,0.3259075243611831
1373,0.32589925405329145
1032,0.3252818128372737
2036,0.3248260234904942
165,0.3247022695443599
545,0.32460274739939377
762,0.32460098640501883
1786,0.32413805737251516
525,0.3238978045861374
1662,0.3237001687095988
928,0.32342123984967136
814,0.32339701846323127
GarageType_None,0.3229938307572014
1295,0.3226204016849671
1377,0.3223958596259932
1238,0.3221792794094489
1333,0.32216525745295566
710,0.32195062372139444
1802,0.3214886009036237
1735,0.3201352223785553
1210,0.31980984710659716
1060,0.31961092492092674
950,0.319309238355858
1909,0.319087369008136
66,0.31874867345201996
1653,0.3183271477629994
1357,0.31755259575091216
345,0.3159695979084322
937,0.3153260592390544
460,0.3141855283308274
33,0.3141855283308274
222,0.3138995879234041
1890,0.31345776951204046
MasVnrType_Stone,0.3132805987309551
1447,0.31303832777626356
2001,0.31302538072229086
743,0.31295887724532845
1033,0.31286335256510955
359,0.31274892136437693
838,0.31200476762542173
1463,0.31170138400711805
323,0.3109925519328563
1058,0.310553731140982
129,0.3100449836802259
569,0.3095945542057202
1715,0.3091908463705792
214,0.3069247550079392
41,0.3067963036750875
468,0.30611242386424725
2021,0.30610379536048243
452,0.30598768587278297
25,0.30598768587278297
832,0.30576937244168695
410,0.3056683614521183
1842,0.30548948967552664
406,0.3054175221837415
1138,0.305405942296311
1663,0.3048314954135575
236,0.3047885246538726
47,0.30468203116141884
474,0.30456857236303625
574,0.3037001960953229
532,0.3032624547593477
1113,0.3029943425331717
682,0.3025575349077217
230,0.30234871182127177
430,0.30210107482721094
1796,0.3020731272903631
1446,0.3019230584878691
1578,0.3018780311141188
402,0.30147573182278364
1064,0.3013623365222882
697,0.30032070795860233
622,0.29975762512552334
1206,0.299489864282384
667,0.2993304638254707
MSZoning_RL,0.29887006450649406
776,0.2976591943692957
1866,0.2970780258555578
1290,0.2964618401313087
517,0.2964302046298049
1650,0.29614614118976956
882,0.2960244999270168
1236,0.2960176834453557
332,0.29509338468282775
1147,0.2948503257130046
4,0.29432707270068337
1864,0.2941519171748562
1567,0.29382057719610366
316,0.293016383135081
945,0.29283861218353957
1450,0.29276014218704527
371,0.29202949764254565
557,0.291549422132083
979,0.2915232811469601
1840,0.290908800000752
1519,0.29076206350567635
1984,0.28988921952742763
930,0.289510709313701
1418,0.2892299178773886
1954,0.2890742547820186
1544,0.2885782458150132
1934,0.2881790204870754
1151,0.28796737419905166
599,0.2877721344575187
168,0.28712236497067356
1335,0.28660894159257133
566,0.2861056875751359
417,0.2859764224830543
1123,0.28582680489691525
1576,0.285597379337499
1203,0.28429169551304645
570,0.2841704552078199
1411,0.2837211097897238
929,0.28361413545061714
105,0.2833617730648085
1396,0.283298145913778
1473,0.28320032821551894
1564,0.2823776085746205
1966,0.28237741311315256
951,0.28220971167402636
85,0.2818914931570468
1885,0.28134736393481635
1704,0.2811887952409344
1526,0.28116545415415806
502,0.2803076455522264
98,0.2793807675787303
1120,0.2793737629592043
193,0.27907416953772207
1075,0.2787119686205522
1565,0.27819252092438984
Neighborhood_NoRidge,0.2775540986654545
325,0.2768750598645116
1462,0.2752146395907661
1207,0.2751004566507619
1719,0.27362716442018165
1672,0.2734279569722714
1037,0.27278132877037464
1056,0.27264987248845696
1436,0.27229608500220254
1072,0.2722340942034415
1330,0.2716810922103898
72,0.2713892905333017
1211,0.2711344028806919
1720,0.2710403577360648
1369,0.27047816189581797
148,0.27022047803576943
1434,0.2690736064102754
123,0.26876970906600633
1149,0.26862326506401535
1580,0.26843333366385697
161,0.2682470550939309
320,0.2667837021761736
206,0.26665342482691656
1135,0.2665962194564618
1020,0.2662013555925192
1515,0.26602247612366325
121,0.2660026922260217
1451,0.26556258453688925
1136,0.2651588295379885
2052,0.26451472573455215
1234,0.2636720157364051
1542,0.26331885979215236
HouseStyle_2Story,0.26330512988654065
752,0.26309894238762765
135,0.26192232812605465
1566,0.2611133547351199
186,0.26088874435776555
17,0.2608348857644055
1111,0.26065427496384647
444,0.26054143353565984
1115,0.2605031550304921
561,0.26011231580282784
760,0.2598821629657994
1407,0.2598775349988743
507,0.2596724943150651
1114,0.25871604330744924
94,0.25835102893867107
1874,0.25830206164699804
184,0.2574559354738263
1119,0.2561307652954116
157,0.25516436101812107
812,0.25457465243081173
581,0.25339721894402095
798,0.25237090906042364
1552,0.2521840923208357
1553,0.25216717934056543
79,0.25189201680546935
Foundation_BrkTil,0.2516906667259269
797,0.25161140190739256
2035,0.2515927376387387
559,0.2515406624217692
2053,0.25104643302511853
1117,0.25078689150568856
1676,0.2507819247555597
1933,0.25049732502811795
597,0.25001743328991316
804,0.2499629996164378
1287,0.24992826701069906
348,0.24963064051299694
690,0.24879245353575402
1953,0.248026737681239
317,0.24750421746041146
1124,0.2474525166787078
1153,0.246812122675615
1040,0.2460401024675781
1116,0.2459506804839249
1154,0.2458840506185785
694,0.24569131952272594
1461,0.24486784817377047
1327,0.24303176946875787
567,0.2429475699820246
1814,0.24293786341465923
83,0.24272333324457646
1557,0.24250868948107707
387,0.242313863372969
131,0.2417714226109128
1952,0.24138941804038205
1812,0.2407231759805459
1218,0.2401180810301383
1374,0.240007218090059
1444,0.23995027944468064
865,0.2397775372509467
146,0.23910730940749164
1459,0.2383230099301214
1932,0.23820455107811467
1029,0.23804088886657263
219,0.2379795810502375
1683,0.2375624128858466
672,0.23741250295379926
30,0.23709938237318973
457,0.23709938237318973
246,0.23660629746349685
1460,0.23491751370090483
484,0.23480336148261216
2118,0.23474365600197597
695,0.23471053909782139
57,0.23443756636504834
1215,0.23417683557458346
1301,0.23378314570108719
Neighborhood_IDOTRR,0.23305943342865895
1137,0.23272663620493408
721,0.2324292914129087
Neighborhood_OldTown,0.23223166331429237
934,0.2317869867697626
MasVnrType_BrkFace,0.23159234658310435
360,0.23157700393697453
1950,0.23050827594413054
1702,0.22954768005737736
578,0.22879846935320555
2051,0.2282109287018477
142,0.22755138286775967
745,0.2270482569216484
921,0.22697643669872547
1721,0.22662388960195004
773,0.22636704265661178
1930,0.2257145118212316
1366,0.2255724865247524
248,0.22512911287041373
1731,0.22475242968670991
746,0.22440919100328074
961,0.2242489654504073
529,0.22310863930740701
GarageType_BuiltIn,0.22302378893356525
358,0.22297414034228522
1018,0.22120772135784195
392,0.22035331357597224
1677,0.2200266035999783
343,0.21991727310582945
1554,0.21886386453195858
1448,0.21792332237548
336,0.21768753453718567
896,0.21729641317909854
59,0.21713488706892856
486,0.21713488706892856
530,0.21681730328411106
963,0.21629582491161348
2037,0.21613807559172152
508,0.21579355704411696
1686,0.2156738988294509
1871,0.21562632268922563
91,0.21489619764177695
2139,0.21480498600531014
210,0.21444122968272228
Neighborhood_Edwards,0.21409474366455467
342,0.21337549515509063
1128,0.21329626885415812
1026,0.21320295702229422
223,0.21277690318912412
SaleType_WD,0.21237173286939773
68,0.2107597177246844
461,0.20936966075639935
679,0.2091525952172442
34,0.20903545058831105
1886,0.2088173098733709
1279,0.20879047352038513
446,0.20863610939956823
448,0.2085679786664325
208,0.2085377231391387
19,0.20825496326451173
938,0.20819317094676967
21,0.20818169970483888
2128,0.20791124801003819
197,0.20763696296637227
2108,0.20755702183552843
673,0.20748444609822178
154,0.20729790158138237
239,0.2072490918349974
477,0.2072490918349971
50,0.2072490918349971
696,0.20671357586188946
1870,0.20650865825011508
1475,0.20639708741049534
809,0.20608934364551124
925,0.2056077531599101
1724,0.20546818047341242
419,0.2049059649081075
1341,0.20447149306097492
514,0.20405353920928843
541,0.20399192305795194
1805,0.20375940443652513
1443,0.20373848013887996
1404,0.20372548460688508
1675,0.2035990772446986
1281,0.20338705041218497
339,0.2033583892986697
2107,0.20289874496934696
534,0.20274117507775347
319,0.20269263592280082
757,0.20172114012346848
923,0.20007206989245213
435,0.19993536556187
509,0.19990380598087604
BsmtFinType2_None,0.19962592489068412
BsmtFinType1_None,0.19962592489068412
8,0.19947507896023395
2022,0.19922576011469778
177,0.1990054941814613
954,0.19884733601250867
RoofStyle_Hip,0.19858608441789177
590,0.19822541506922842
1743,0.19691811166401432
1125,0.19686281318016716
1204,0.19664665248222493
414,0.19635915866049453
1427,0.19633271797372745
426,0.1959362947265652
114,0.19586756165149083
674,0.19492606313552557
1770,0.19378786400418138
1887,0.19373910307436712
1535,0.19354041067890324
636,0.19328445050682536
315,0.19312166768166397
415,0.19282167466057443
555,0.19261263882633575
2072,0.19257744044566205
399,0.19209888477233103
1034,0.19197993217657672
1049,0.19197323277881678
1380,0.19187860272752266
706,0.1914531329526231
2135,0.18935571296154713
1227,0.18911967442545205
RoofStyle_Gable,0.18901321235224475
MSZoning_C (all),0.188373586978603
Exterior1st_Wd Sdng,0.1883126237476186
575,0.18827290416213366
531,0.18765991199212037
1452,0.18754773437771194
699,0.18723337674153798
543,0.18635191167275986
393,0.18632914292074873
1086,0.18575291182789805
Neighborhood_StoneBr,0.18559993005913994
2129,0.18402779514843534
Exterior2nd_Wd Sdng,0.1835208050723292
931,0.18249434333723097
1889,0.1824690062708987
708,0.18117543768768463
HouseStyle_1.5Fin,0.1810222300983046
454,0.18083448370369273
27,0.18083448370369273
326,0.18075642061974775
365,0.18043043488200328
216,0.17996931878587472
428,0.177645245955951
394,0.17736170219281808
372,0.17699413829978042
Neighborhood_BrkSide,0.1753725836910368
MSSubClass_MSC_50,0.17354332614770243
Exterior1st_MetalSd,0.17327333900369885
1310,0.17288545706744327
993,0.17238323971074024
676,0.17076458011959003
Neighborhood_Somerst,0.17073230057913177
1644,0.17010371268419544
668,0.16941742028415288
1877,0.1692985204326614
1733,0.1685664522163511
Exterior2nd_MetalSd,0.16786739199549205
Neighborhood_NAmes,0.16673742981525988
1471,0.16572140998565849
1478,0.16375856304660918
396,0.1634020156828116
2020,0.16288399109008248
2123,0.16215876684635824
539,0.1614931075570249
1729,0.16142753662846074
1695,0.16079226596656523
SaleCondition_Abnorml,0.16060864040298964
244,0.16050476230162494
482,0.16050476230162417
55,0.16050476230162417
503,0.15998409344043804
2027,0.15988976303610106
388,0.1594146459636036
1810,0.15928628997728228
Foundation_Slab,0.1589840859802919
314,0.15734701679040133
262,0.1572822737815522
416,0.1569295482959946
1095,0.15682259127120216
905,0.15477534665666254
1212,0.1547360985377103
324,0.15418799873349698
1779,0.15374858532158495
1449,0.15303940378033173
1901,0.1529707275357301
511,0.15288998175338506
683,0.15287434521643617
505,0.15277816003019076
182,0.1526783540155254
1942,0.15249441893336507
1922,0.1516803436653174
670,0.1513704973300554
1432,0.15134168354343494
1752,0.15078265242571154
2049,0.1504699924922266
1477,0.15039860738319535
119,0.1500212718049845
Neighborhood_MeadowV,0.14936439090469952
Heating_Grav,0.14916299109773323
1271,0.14894379751582149
959,0.14877033667497697
655,0.14875987286435005
907,0.1484288632623035
LotConfig_CulDSac,0.14834785533965272
595,0.14805732696129753
424,0.14798346312306102
1581,0.14774169311039118
1636,0.14745315984955992
Exterior1st_AsbShng,0.14742232661706958
1540,0.1471332986568523
1054,0.14599894299972058
1646,0.14586536156303573
1002,0.14556786967089522
645,0.1453362909545629
35,0.14426409887630293
346,0.14396229217638232
811,0.14371634511464434
501,0.14364222684659
370,0.14363433252231683
647,0.14358637879994698
781,0.14337886349099954
1869,0.14232966094309688
1012,0.14185210554545566
227,0.1417779515148415
704,0.14165407753470793
1856,0.14160461706026384
1959,0.14113633750024998
1097,0.14107935471930116
1754,0.14100054201944107
857,0.1409649683279358
1625,0.14087195158253368
1232,0.14051126525120225
1977,0.13997594790111825
729,0.1391597892159153
Neighborhood_Timber,0.13896884871410586
462,0.1387119002997794
261,0.13858394703708296
313,0.13857528756475515
1781,0.13806999101356512
340,0.13790489360982955
666,0.1365829473469413
390,0.13652681611591722
BsmtFinType1_Rec,0.13571396114227155
1389,0.13564272068107155
550,0.1355677672959135
Heating_GasA,0.13427406108826068
Exterior2nd_AsbShng,0.1339325528624981
657,0.13344448749176696
2048,0.13339146917451422
492,0.13297448737462522
2075,0.13238479703068898
1832,0.13235645276124258
38,0.1319206939185558
BsmtFinType1_BLQ,0.13154034013060656
1394,0.13083655044697004
1004,0.1306259349445862
465,0.1304166211474758
Condition1_Artery,0.13033359798402377
1260,0.1303069105303545
403,0.12986392362286311
1315,0.12901419539287534
678,0.12883497575112113
518,0.1284033239072472
1762,0.12815230072455963
1192,0.1277943315612386
915,0.12747422117150806
2106,0.12742172563241455
386,0.12675999872712063
Neighborhood_BrDale,0.12552025802626107
377,0.12543307021270494
Condition1_Feedr,0.12526289759124098
2044,0.12515443428655848
1152,0.12509075608856837
1882,0.1249315345634418
1312,0.12466169099350106
1994,0.12376597661351772
Neighborhood_Sawyer,0.1229955778922684
1582,0.12294085159109717
BsmtFinType2_Unf,0.12230860910084006
2121,0.1213949489191536
MSZoning_FV,0.12034223760704915
Condition1_Norm,0.11936698515244437
1579,0.11926565167342561
RoofMatl_WdShngl,0.11891691738485528
1391,0.11838207085721224
1100,0.11834543567834852
Neighborhood_CollgCr,0.11833853313783088
1355,0.11809861720818542
1014,0.11792833990686886
1700,0.11778400789553127
1474,0.11755009973387101
2073,0.11731394533988719
1999,0.1171828826382644
910,0.11708821927300399
1634,0.11700676508665482
MSSubClass_MSC_90,0.11699630369824313
1350,0.11587834799063872
MSSubClass_MSC_160,0.11531274266573915
312,0.11494776502977042
1667,0.11367143302734307
1537,0.11323461198037305
796,0.1127896034404158
1007,0.11253996545163891
1352,0.11241672502459309
1789,0.11193660615401926
1269,0.11155614927839116
1429,0.11145861753928384
254,0.11129227898341336
815,0.11125945516870725
744,0.11047511329006214
592,0.11024481461373954
179,0.109798133761672
1964,0.10973233655988278
1583,0.10958597545736941
300,0.10944051326844546
1821,0.10939077658128167
1051,0.10893935281734998
1982,0.10892575190566284
MSSubClass_MSC_180,0.10861737158236706
67,0.10839542108161447
1961,0.10828144123264642
732,0.10823926954720094
116,0.10799361925298653
2047,0.1079928172859246
367,0.10792946066494094
130,0.10767030833613409
479,0.10765764271144268
1757,0.10734823549551614
956,0.10701379136056648
1979,0.1067145329306724
1996,0.10652901779711989
285,0.10648418597740313
1807,0.10605877515819427
52,0.10589745665311817
HouseStyle_1.5Unf,0.10571020082045586
241,0.10561402164994822
192,0.10543997915274642
256,0.10543997915274642
3,0.10543997915274642
1697,0.10490604109831096
MSSubClass_MSC_190,0.10488807945532477
1105,0.10473620526270393
2103,0.1046959288926268
1726,0.10463322741199371
288,0.10450262461202502
2116,0.10401056172074866
1784,0.1037939253639437
1680,0.10369788342552107
1571,0.10338125125770588
684,0.1031655292867592
224,0.10311681854909792
650,0.10266668859237309
276,0.10250687855824744
810,0.10247435759682998
1520,0.10234402347514364
271,0.10220780161189236
1131,0.10194148025781524
SaleCondition_Normal,0.10193486322364077
1888,0.10190852855662391
1464,0.10188945654074749
279,0.10148555936108215
MSSubClass_MSC_45,0.10144734812079376
291,0.10135559177500003
1229,0.10130631619324641
2012,0.10063972017197485
939,0.10030247576204722
701,0.09981884498796752
258,0.09952685014807806
519,0.09950149805634241
917,0.09943082135015924
675,0.0992701815692543
265,0.09921776805221146
2093,0.0990886043910027
1638,0.09852514913028387
942,0.09842341881480235
2115,0.09839942037976
1273,0.09824437554918106
2023,0.09820302536945576
2024,0.0981570641260433
1466,0.09808311849451135
2122,0.09806730740281874
268,0.09792697232776555
327,0.09782828950849952
1142,0.09746457932984441
1924,0.09744225861043179
758,0.0973758067660978
1834,0.09718913675243476
BsmtFinType1_Unf,0.09713310961258152
513,0.09696986756137872
74,0.09602021383900568
HouseStyle_SFoyer,0.09592246896538126
2119,0.0957047421316399
267,0.09557039396157388
1272,0.0951411824506159
260,0.09502739199206145
287,0.09486083737399613
1468,0.09484610095917959
Exterior1st_CemntBd,0.09447324117107603
1174,0.09368004956388477
1637,0.09317614877898771
MSSubClass_MSC_120,0.09301759326674126
2083,0.09296595131304532
284,0.09288492834294619
2029,0.09269955253136851
RoofMatl_CompShg,0.09222677885131417
1467,0.09220045269022223
1923,0.09217367202568612
Exterior2nd_CmentBd,0.09210614333493324
649,0.09191870564411184
1150,0.09183708176999643
1764,0.09177725756866482
344,0.09167967697704142
257,0.09161348717364994
1944,0.0916071456807152
1006,0.09123124431625025
1783,0.09109826297430264
255,0.09108407681698703
2071,0.09097841704342118
1833,0.09021074739572905
759,0.08982302398607503
2038,0.08950232336174797
1314,0.08940622624830406
LotConfig_Inside,0.08939210431764132
741,0.0891972237199625
784,0.08917265083791623
2028,0.08913017067240468
1107,0.08906417017150475
1669,0.08902180788894601
2092,0.0890218078889453
1736,0.08896192051254559
1313,0.08882290092720867
1943,0.08869304316725375
648,0.08862426129526842
1173,0.08837720790141561
909,0.08736805475283033
536,0.08734787262379708
421,0.08719329499076332
Neighborhood_Crawfor,0.08702743798284539
1005,0.08657666435765518
2104,0.08640651760879203
GarageType_CarPort,0.08599750679133897
1756,0.0859821305950108
398,0.08581649995993185
908,0.0858071240120308
SaleType_COD,0.08575803014551667
1782,0.08571525207078526
2063,0.0853913545984554
1699,0.08516356847051883
328,0.08512502335695522
1274,0.08496625326134201
2094,0.08463467205674076
1539,0.08416956166050531
362,0.08351034527247869
1610,0.08337505514695664
118,0.08325737149340193
1099,0.08299860430247484
1431,0.08286360601988123
1145,0.082807704060749
BsmtFinType1_LwQ,0.08255289035159967
1098,0.08219754919105485
366,0.0821537062301857
2060,0.08209016323407044
546,0.08087610423505655
181,0.08085259931526316
2039,0.08074782966078843
2076,0.08067700256998835
309,0.08059226267721215
1698,0.08054852626932829
1755,0.08037352863246808
Exterior1st_BrkComm,0.08029886768181045
1998,0.08029114647849873
1728,0.08029114647849869
1809,0.08029114647849868
54,0.08029114647849861
1393,0.08029114647849861
481,0.08029114647849861
1354,0.08029114647849861
243,0.08029114647849861
594,0.08029114647849861
423,0.08029114647849858
1053,0.08029114647849778
538,0.08029114647849751
1538,0.08021848739103798
2079,0.08005231073855672
1231,0.0800355869479868
1230,0.07998288652466791
318,0.07983317927298691
117,0.07976691448394486
Neighborhood_Gilbert,0.07894528187086605
295,0.07880706415004667
1430,0.07874406059061255
1198,0.07866589238254706
1144,0.07851251857122706
1858,0.07808234378747575
Heating_Wall,0.07800603248851902
1514,0.07790790852596505
71,0.07770593438039904
273,0.07756817693776456
1857,0.07746905633439691
958,0.07746701690116532
MiscFeature_None,0.07743837845305489
750,0.07731767083423972
180,0.07711270320682292
1963,0.07705669336779701
1981,0.07705669336779701
1096,0.07697267844239282
Exterior1st_HdBoard,0.07648269630280591
1052,0.07626877544183955
537,0.07626877544183923
422,0.07626877544183917
1808,0.07626877544183894
1997,0.07626877544183881
593,0.07626877544183874
1392,0.07626877544183874
53,0.07626877544183874
1353,0.07626877544183874
480,0.07626877544183874
242,0.07626877544183874
1727,0.07626877544183873
782,0.0761698983518414
2084,0.07614464175545407
1855,0.07598247330449287
2090,0.07588910877316976
277,0.07584429683835349
2026,0.07565743804317508
703,0.07565033628676798
Neighborhood_ClearCr,0.0756039032954863
HouseStyle_1Story,0.07558294896998072
2111,0.07547825624761421
137,0.07547099736713728
2095,0.07537841810792446
1900,0.0752953915158287
774,0.07495982727616156
957,0.07490146634604135
275,0.07478035309338976
2082,0.07473532982379229
1668,0.07473532982379223
1197,0.07465174067605232
BsmtFinType1_ALQ,0.07458341534357096
1270,0.07452393616647175
1962,0.07449831181645801
1980,0.07449831181645801
282,0.07449145538568291
1920,0.07428694351762156
510,0.07421131752573486
1903,0.07416444869502668
62,0.07406590662032699
489,0.07406590662032699
305,0.0740063815133171
1143,0.07391610222212495
1912,0.07360780851505684
1573,0.07336906200773423
338,0.07332124971154369
264,0.07319894443112403
1940,0.0730566603961538
1902,0.07299050545807903
2085,0.07297893521361566
272,0.07295559465125469
540,0.07267775549289916
MiscFeature_Shed,0.07262918196316794
1003,0.07258688861854462
1362,0.07255954321399896
296,0.07239374752939055
2080,0.07236592774939303
69,0.07232254919765894
MSZoning_RH,0.07227596843385956
722,0.07206968621846264
1730,0.07206299564594568
2014,0.07173049214983597
702,0.07173024199731508
259,0.07172978496615005
711,0.0716841693100991
251,0.07158993357753807
1845,0.07156597073737582
1791,0.07130810391521247
286,0.07122708301493959
1843,0.0705078454840388
494,0.07047048562236549
Neighborhood_Veenker,0.06986137709754542
906,0.06972306992094883
266,0.06954752805738346
1594,0.06950485706355568
1831,0.06888227255825889
646,0.06886533300799771
1572,0.06880400884761433
1502,0.06865014556210965
1141,0.06862790473745325
1921,0.06858652748313253
2074,0.06857998014628026
395,0.06838139961334072
1140,0.06824525723061126
330,0.067971782728513
966,0.06790101886295553
1941,0.06774043792793501
1635,0.06731065290871291
751,0.06727784665756761
1753,0.06726570311639464
431,0.06705956648192184
56,0.06703686213243938
483,0.06703686213243938
856,0.0670045427485746
1656,0.0669655593202919
2013,0.06647677268479853
1570,0.06635539669370039
425,0.0658345651577727
2059,0.06555386451732681
2061,0.06555386451732663
397,0.06554240873693792
2101,0.0654452932416577
802,0.06531459354567748
2114,0.06531000640045123
SaleCondition_AdjLand,0.06495751477371083
1050,0.06455457908591261
1228,0.06426612265179878
1412,0.06395496813664564
1913,0.06360930226249857
1639,0.06354752940965308
1433,0.0629668950720571
1780,0.06286045310493532
1995,0.06268261695922517
2102,0.0624880222023825
1969,0.06239972453384526
337,0.062343936720409436
1811,0.06233296157724212
1945,0.06228968538699619
120,0.06220864454724166
99,0.062199507256281
1960,0.0621197142891756
MiscFeature_Othr,0.06190492937620063
1971,0.06179919356284201
183,0.06169916719958895
Condition1_PosN,0.06160157333442307
1734,0.061519123155981105
Neighborhood_SWISU,0.0613425508396557
1884,0.06134070742135549
Neighborhood_NWAmes,0.061247936203426945
310,0.061115197312449285
807,0.06109463682928387
1541,0.0610587927832812
808,0.06104406309096847
297,0.06103139160857653
2006,0.06086789890168476
1428,0.06061504334774261
1536,0.06061287225991228
Exterior1st_WdShing,0.06051991046734621
1978,0.060361243514764316
512,0.06000804847022391
115,0.05989511146670972
1806,0.05977973115427329
294,0.05974574791983648
1390,0.05964930611438175
331,0.05946348967704962
1925,0.0594123600559548
1591,0.05935547091480365
178,0.05915546323556531
1696,0.05902551502306897
544,0.05891177075656648
591,0.05884274039346996
478,0.058842740393468033
240,0.058842740393468033
51,0.058842740393468033
1351,0.058842740393468033
1725,0.05884274039346797
404,0.0587830775273089
364,0.05875556646942512
245,0.058667724717217574
347,0.05861145169636513
329,0.05847796255121924
1311,0.05845557394727804
Exterior2nd_Stucco,0.058233901287370035
2089,0.058186199339136005
1989,0.05796150235802008
195,0.0579104440146643
2132,0.05783503149403339
1817,0.05767611045691581
2099,0.0576474165821318
960,0.05763459675609502
955,0.05745358332671014
2,0.05736397339629752
293,0.057321354057970966
Exterior2nd_Brk Cmn,0.056966913706677814
Condition2_Feedr,0.056849939199510396
1987,0.05674165769655946
2110,0.05635090237732013
705,0.05611690629622744
363,0.055864628347582636
1488,0.05575068591714768
596,0.0555813556871736
700,0.05532726383202581
1360,0.05520386850748463
1395,0.05494425639231978
MSSubClass_MSC_20,0.05491505224706333
Condition2_PosN,0.05487687176492384
204,0.054801024897253386
Condition2_RRNn,0.054602267993786945
Heating_Floor,0.05459320323337962
28,0.054501293720868066
217,0.054501293720868066
455,0.054501293720868066
1899,0.054467845543887054
307,0.054422900975745606
1176,0.05434426489095373
763,0.05423563905217994
Exterior2nd_Wd Shng,0.05394481639278278
2130,0.05314144289517788
RoofMatl_WdShake,0.05297440469114737
1455,0.052943043753003516
1512,0.052614269549379346
Condition1_PosA,0.052547940488872937
1027,0.052509758041708404
299,0.05235621920938383
1500,0.05229316372331021
836,0.05210374211551111
1320,0.051896929808808084
BsmtFinType2_BLQ,0.0517390432063916
825,0.051692501140193435
1401,0.051526902867690065
742,0.05131614170216312
1485,0.05117632689497538
980,0.05099624715379319
1506,0.05097993043613038
755,0.05091875563999924
1880,0.05091875563999924
1835,0.05074883343177178
1405,0.05069708472215241
1601,0.050430988945360126
1073,0.05025401157668163
132,0.05014772804329752
568,0.05003701022461682
Exterior2nd_HdBoard,0.04996042849455991
756,0.049883058098227705
1881,0.049883058098227705
155,0.04974062837740563
92,0.04973900288135354
1616,0.04971432830906679
274,0.049639555396507364
SaleType_ConLD,0.049507748243314526
RoofStyle_Gambrel,0.04942555533332891
189,0.049119973000874666
134,0.04893005510665587
1479,0.048887270908008484
2136,0.04887224177617509
Condition2_Norm,0.048707011978716255
2088,0.048627195980184425
535,0.04859553281404654
709,0.04853241853916817
1205,0.0481435913801413
BsmtFinType2_ALQ,0.047972336507928655
793,0.04748142636224005
1175,0.04747914392817034
2098,0.04736464715060744
785,0.04714055842801962
1513,0.04690591251796835
1183,0.04683928616119987
730,0.0467376158297661
1946,0.04665662842868164
1489,0.046656342288052544
1592,0.04652213962149763
1983,0.046258249133936606
1876,0.04624571718238223
1965,0.046213144949958485
1233,0.0459590587287782
2046,0.045869590894570114
SaleCondition_Family,0.04555662000629997
Exterior2nd_ImStucc,0.04493270829636101
2000,0.044491117543756745
504,0.04443630506331949
1167,0.04431324438142615
803,0.04430471265395037
Condition1_RRAe,0.044013036764225896
126,0.04399285573639301
Exterior1st_Stucco,0.0439692026947775
Condition2_PosA,0.04376902614461436
932,0.04375451665614801
1836,0.04358719053785879
MasVnrType_BrkCmn,0.043573446978483095
1288,0.04351417226817846
361,0.04346959302335839
855,0.043431783457188206
1399,0.04307285791998273
1574,0.0426944658096727
SaleType_Con,0.042657784990730405
Exterior2nd_Other,0.04254728916146874
MoSold_Apr,0.04254255267973129
2015,0.042418327602684984
1785,0.04225363898315925
651,0.04222287566213902
Condition2_Artery,0.04210774647180808
Neighborhood_Mitchel,0.04203193024584189
1476,0.041603281034730495
487,0.04143805644126701
60,0.04143805644126701
1615,0.04097175474423011
677,0.04092469172278986
1705,0.04079224182056412
389,0.04065617683550238
1670,0.04063292950558117
1316,0.04057103211746213
2011,0.040427526096730074
1367,0.04017487482154028
Exterior1st_Stone,0.0401186422178575
1550,0.04002101815875752
1701,0.03984917947109968
1758,0.039656753474142915
MoSold_Sep,0.03964993709585419
SaleType_Oth,0.03962751470030256
MoSold_May,0.039531346720707176
Neighborhood_Blmngtn,0.039525266309274804
883,0.039519230335768214
429,0.039431038414606816
733,0.039425411622657
1439,0.0393612004999387
1055,0.03921313784021592
602,0.03913457200898138
2112,0.039070194098356444
964,0.03843317967949359
1613,0.03843313255926916
1712,0.03808733899330242
1356,0.03796128961525182
MSSubClass_MSC_85,0.037820507738053524
911,0.03756388008619304
SaleType_ConLw,0.03733366249349283
357,0.03716027627274504
1189,0.03715780034026779
735,0.03708003041462726
1465,0.03704899179803255
280,0.03685560226055799
10,0.03682146866393359
7,0.03677411651295398
1247,0.036635685818456686
302,0.03661328489466506
1186,0.03641937034785742
379,0.036245254748080685
1926,0.036091200745272244
1237,0.03565076101299854
YrSold_sold2007,0.03563255087143874
2041,0.03554680936770955
869,0.03550430028771282
1547,0.03540622955641001
249,0.03539443760919098
2004,0.035225010894257676
434,0.03509329144362458
1595,0.03490200405519773
1883,0.03485957832490849
437,0.03474312218993835
1156,0.03472335318579983
1860,0.034624952423608246
420,0.03437944781094649
Neighborhood_SawyerW,0.03427001688207133
1584,0.033897066194999166
270,0.033714781799693096
Exterior1st_AsphShn,0.0335088673037332
1161,0.033507748556485674
1585,0.03299200110471142
1486,0.03290189603655977
1497,0.032789382241308
1177,0.032777913173388316
1596,0.032443535208977824
407,0.03237131006319546
1188,0.03210669416542685
HouseStyle_2.5Fin,0.03168373255722852
1666,0.031632131219079825
1169,0.03152221389098187
1250,0.03150712341308848
861,0.031331661784152566
623,0.031215244512209306
MSSubClass_MSC_70,0.031089251263569304
Neighborhood_NPkVill,0.03107085857687798
2010,0.03104197266048053
1187,0.030983161566169887
1484,0.03096751698193389
GarageType_Basment,0.030933697085434458
MoSold_Jan,0.030819204812616335
1101,0.030529948018700844
162,0.030513467036478815
MoSold_Nov,0.03045209047823039
1496,0.03043436341029464
20,0.03032652646400137
Exterior2nd_CBlock,0.03030997834378529
Exterior1st_CBlock,0.03030997834378529
Exterior1st_BrkFace,0.030244896998741458
499,0.03023844795361803
1328,0.03020343641514574
1604,0.03020199482024606
1184,0.02994790237659499
Exterior1st_ImStucc,0.029641114582021497
1181,0.02951421488798184
1904,0.029471843244591373
1867,0.029457191722072545
209,0.029418133012749256
269,0.029385281291151043
447,0.029353774844086977
1172,0.0293231280912221
BsmtFinType2_Rec,0.029136754822886662
1640,0.028663413735743628
442,0.028452966854615503
196,0.028324404594390583
794,0.0276126480215759
1239,0.027325512992005613
924,0.027209699213453713
664,0.027130209303918084
2062,0.027129825702476355
754,0.027043877147337938
298,0.026839181092539598
RoofStyle_Shed,0.026675978682710502
1815,0.026671508429757667
400,0.02657012157145351
2068,0.026567210946251255
MiscFeature_TenC,0.026567210946251224
2091,0.026567210946251224
2067,0.02656721094625119
2081,0.02656721094625119
2064,0.026462617007221162
515,0.026436790933026366
600,0.026399817111139444
Heating_OthW,0.026193972711170153
Heating_GasW,0.026111696023581182
15,0.02609083096648023
1510,0.025917590835685837
341,0.025674688794977935
1118,0.025524469366814906
2031,0.025305160638142206
1593,0.025240674605521343
2100,0.025176658842942293
HouseStyle_2.5Unf,0.025149639169110366
1165,0.025080697227102898
SaleCondition_Alloca,0.024975784966845375
1166,0.024954018791059646
669,0.024747663432398273
846,0.024653282348085902
1059,0.02449037426415092
Exterior2nd_AsphShn,0.02440702558270905
1195,0.024345480929748472
RoofMatl_Membran,0.024299237015776104
Exterior2nd_Plywood,0.024058696240396495
1665,0.02381558397899488
1490,0.023705830410001412
859,0.02349821432016656
886,0.023492102766280606
RoofStyle_Flat,0.02347686757434872
858,0.023260439597329447
2077,0.023250085445541878
1482,0.023007075460847383
SaleType_CWD,0.022883994319533595
1159,0.022783800506261536
Condition1_RRNn,0.022767670290362318
LotConfig_FR3,0.0225347607265205
2042,0.022510375633461924
2043,0.022510375633461633
1504,0.022510375633461387
1481,0.022510375633461355
1503,0.022510375633461224
1605,0.02251037563346099
1606,0.022510375633460686
2069,0.022451702276536513
560,0.022270780943349836
1160,0.022024787683677202
2097,0.022015612452698383
84,0.022015304760853744
1560,0.02200990802377375
1487,0.021960496344219566
1180,0.021917238343061484
278,0.02188184910584188
1603,0.021817910985522496
1678,0.02156077527535806
376,0.021547381672511644
2141,0.02145057656264795
1019,0.021419238188668182
YrSold_sold2010,0.021199741643852736
1480,0.021098597107980486
YrSold_sold2009,0.020995102876407202
1110,0.02095931580620833
BsmtFinType2_LwQ,0.020858443351187857
2045,0.020841823755377284
199,0.020743283304278486
1607,0.020640919794223226
MoSold_Jul,0.020552584906734332
1178,0.020548978697672877
1008,0.020501759249599658
1611,0.02039317095012499
1163,0.020312800126762447
147,0.020276403456445918
MSSubClass_MSC_40,0.020160345809985696
GarageType_2Types,0.02008570862886559
1185,0.019984634197945838
1322,0.019976943955589705
1158,0.019883531817270803
MoSold_Dec,0.019659064852538894
1179,0.019641432457882812
2140,0.019633390965819016
2087,0.019509627396406354
2050,0.0191242991233462
1879,0.019112798868957122
MoSold_Aug,0.01896690865745304
805,0.01884688805448368
1569,0.018811980652464432
522,0.018582925475966693
Exterior2nd_Stone,0.01843423467402516
Neighborhood_Blueste,0.01831641039983743
626,0.01813092006503125
1121,0.018093279177167524
1445,0.018017467917088158
1844,0.017879975344756
1859,0.01761028314443387
1168,0.017164635826525033
1588,0.01692572599772652
Condition1_RRAn,0.016777650596123076
1157,0.016677943313542578
356,0.0165505644486648
1600,0.016540708422348307
1498,0.016518998364050134
1483,0.01629461442889901
1275,0.01625549018992221
311,0.016039604414028737
868,0.01571470586717381
1830,0.015230071236110908
1495,0.015109991909793175
308,0.014858386775688714
1671,0.014751312640278142
983,0.014629383539690306
753,0.01462846886912949
Foundation_Stone,0.01461595526677408
1076,0.014598547378744027
YrSold_sold2006,0.014391479115765687
1469,0.014089463717676592
Exterior2nd_BrkFace,0.01390283688115582
2066,0.013894767649498568
306,0.013870388518004876
1501,0.013832722324121837
1061,0.013546616100803871
1609,0.01305938767079681
1470,0.013011002002146515
Condition2_RRAn,0.01291400307111764
RoofMatl_Roll,0.012868522950121359
787,0.012792396542419883
187,0.012705224362984303
355,0.01268960645953507
6,0.012629672484853843
1191,0.012581704166460988
Condition1_RRNe,0.012476948225562478
YrSold_sold2008,0.01243393341153661
1905,0.012313772484130365
292,0.012288610216469159
Exterior1st_Plywood,0.012181644346376416
1679,0.011903881943966202
1437,0.011878922558894129
2070,0.011872840411357595
333,0.011823971844072885
HouseStyle_SLvl,0.011815200171254044
2065,0.011706244499658368
1171,0.011659463888830145
2025,0.011632388176245892
1878,0.01129042212747087
2057,0.01121518624219016
1589,0.011158714569567102
860,0.011139644008137025
MoSold_Feb,0.011090283621324009
1875,0.011053399796670325
1164,0.010859067137923695
MSSubClass_MSC_75,0.01074805338767533
1291,0.010699380464751818
1442,0.010609617476386165
715,0.010540016356166094
281,0.010514979175076726
1707,0.01028085529175318
1182,0.010244925042701296
1507,0.010235106094302202
2058,0.010058190339656565
369,0.010015116196275129
5,0.009825885391544425
RoofMatl_Tar&Grv,0.009616075929181338
Foundation_Wood,0.008917284930467438
1612,0.008703829616842915
375,0.008701518646537522
615,0.008646079309332463
Condition2_RRAe,0.008573880971889726
194,0.008474629787279794
1162,0.008369788566457816
1491,0.008173348338246986
875,0.008029492047801134
1194,0.007847776303961362
1190,0.007693208011818779
1868,0.0073967535839458455
124,0.007307539873993425
2016,0.007174223657526111
1492,0.007099835722641311
289,0.00706001355549828
1170,0.006846214594890433
1493,0.0067595881119664174
1602,0.006733891781797574
680,0.006718192364878855
263,0.006692983084284341
1854,0.006234335492644826
972,0.006139381928162938
1614,0.0059489384553666836
2078,0.005892989078822494
1370,0.0058848222112835745
335,0.005816862177101441
RoofStyle_Mansard,0.005808621063746974
RoofMatl_Metal,0.005028990462811887
2040,0.005028990462811863
LotConfig_FR2,0.004902156990349085
31,0.004864551546116335
220,0.004864551546116335
MoSold_Jun,0.004668435146314142
935,0.004629541881805591
767,0.004550236144347185
2030,0.004365360021275439
MoSold_Mar,0.004292207132258921
LotConfig_Corner,0.0042248202977747335
1590,0.004221251995594572
1155,0.0041543592485822475
571,0.0036460217267604788
334,0.0036184493463501406
458,0.003474698539064729
1545,0.003427944552302297
1587,0.003315929923306453
1608,0.003309817427148125
2109,0.003308287637507739
MoSold_Oct,0.0032256142626618683
1509,0.0031157780105665633
SaleType_ConLI,0.0030638705771855626
1146,0.0030551641488059562
384,0.00277679100990034
1494,0.002503333474659817
1599,0.0024171029163700657
BsmtFinType2_GLQ,0.0023552091962814625
1065,0.002219205699366968
1030,0.002210861405380971
1586,0.0022015731419360736
1598,0.002195107305486365
1508,0.002103246682844391
290,0.0020184972903208314
158,0.001790523948605362
MiscFeature_Gar2,0.0016279261332432676
687,0.0016194748138692063
1575,0.0014089928284804964
806,0.0013317153093776615
1196,0.0012826626607139924
283,0.0012313211526566155
1505,0.0011329340463502782
MSSubClass_MSC_80,0.0011126914097404424
1193,0.001050428343253127
1208,0.0009478672754979649
1331,0.0008619910939186219
1597,0.0006270920596614333
1516,0.0005645281586526195
95,0.0004955373158395736
1408,0.00043513939335715265
1499,7.720333974315027e-05
301,7.768687511609231e-14
2105,7.766540445757698e-14
2113,7.765069118320739e-14
303,
304,
833,
1511,
2054,
2055,
2056,
2086,
2096,
